	flux
rxn00199_c0	0.0
rxn00248_c0	100.39535927325987
rxn00256_c0	1.9536620674041236
rxn00285_c0	-54.835789394139
rxn00288_c0	58.86595416360196
rxn00441_c0	0.0
rxn00799_c0	-2.307022914545568
rxn13974_c0	89.04695457925199
rxn14048_c0	-55.274599650859614
rxn00974_c0	2.356289625954446
rxn01387_c0	0.0
rxn01388_c0	-2.356289625954446
rxn01872_c0	0.0
rxn02376_c0	0.0
rxn05759_c0	0.0
rxn08691_c0	0.0
rxn00145_c0	0.0
rxn00151_c0	0.0
rxn00161_c0	-999.9999999999976
rxn00227_c0	0.0
rxn00251_c0	980.1916527683987
rxn00330_c0	0.0
rxn00935_c0	901.9116636412834
rxn01103_c0	0.0
rxn01274_c0	0.0
rxn01834_c0	0.0
rxn00146_c0	0.0
rxn00011_c0	10.196901573070214
rxn00148_c0	936.8966339319534
rxn00175_c0	0.0
rxn00247_c0	0.0
rxn00459_c0	-35.811454435147944
rxn00506_c0	0.0
rxn00543_c0	0.0
rxn00549_c0	9.700412791909844
rxn00704_c0	-4.864417929007611
rxn00747_c0	-11.941470825398538
rxn00781_c0	-26.50443843597473
rxn00786_c0	-9.700412791909844
rxn01100_c0	26.504438435974734
rxn01106_c0	35.811454435147944
rxn01871_c0	0.0
rxn01977_c0	0.0
rxn02342_c0	0.0
rxn15694_c0	0.0
rxn14017_c0	0.0
rxn00604_c0	0.0
rxn00770_c0	5.0610013090186055
rxn00772_c0	0.0
rxn00777_c0	-4.184441638696376
rxn00778_c0	0.38607216294613006
rxn00785_c0	3.953978981037636
rxn01107_c0	0.0
rxn01115_c0	0.0
rxn01116_c0	-4.4444664884137355
rxn01187_c0	0.0
rxn01200_c0	0.4904875073760994
rxn01275_c0	0.0
rxn01333_c0	0.0
rxn01476_c0	0.0
rxn01987_c0	0.0
rxn05349_c0	0.0
rxn05465_c0	18.5445427843061
rxn05347_c0	0.0
rxn06672_c0	0.0
rxn06673_c0	0.0
rxn05329_c0	2.376126889618353
rxn05322_c0	2.376126889618353
rxn05339_c0	2.376126889618353
rxn05338_c0	2.3761268896183543
rxn05333_c0	2.376126889618354
rxn05341_c0	2.376126889618354
rxn05334_c0	2.3761268896183534
rxn05336_c0	2.338829531077738
rxn05332_c0	2.3201808518074287
rxn05342_c0	2.3761268896183543
rxn05335_c0	2.338829531077738
rxn05324_c0	2.376126889618354
rxn05345_c0	2.376126889618354
rxn05346_c0	2.376126889618353
rxn05337_c0	2.376126889618353
rxn05330_c0	2.376126889618353
rxn05326_c0	2.376126889618353
rxn05350_c0	2.376126889618354
rxn05325_c0	2.376126889618354
rxn05343_c0	2.3761268896183543
rxn05327_c0	2.376126889618354
rxn05348_c0	2.3761268896183543
rxn05340_c0	2.3761268896183543
rxn05331_c0	2.376126889618354
rxn05323_c0	2.3388295310777374
rxn05344_c0	2.338829531077738
rxn05328_c0	2.250575426253206
rxn07576_c0	1.9489519155182402
rxn07577_c0	1.94895191551824
rxn07578_c0	1.9489519155182402
rxn07579_c0	0.16241265962652005
rxn08766_c0	2.376126889618353
rxn05736_c0	0.0
rxn09449_c0	0.0
rxn00612_c0	998.4403507588551
rxn00539_c0	0.0
rxn00616_c0	-1000.0
rxn00758_c0	0.0
rxn05970_DA_c0	0.0
rxn01073_c0	0.0
rxn06043_DA_c0	0.0
rxn06045_DA_c0	0.0
rxn06080_DA_c0	0.0
rxn06081_DA_c0	0.0
rxn06090_DA_c0	0.0
rxn06091_DA_c0	0.0
rxn06376_DA_c0	0.0
rxn06971_DA_c0	0.0
rxnTX73L003_DA_c0	-2.0451852459351653e-17
rxn07455_DA_c0	0.0
rxnTX73L001_c0	0.0
rxnTX73L002_c0	0.0
rxn06044_DA_c0	0.0
rxn00124_c0	0.006729089709558943
rxn00208_c0	0.0
rxn00209_c0	0.0
rxn01249_c0	0.006729089709558943
rxn01251_c0	0.0
rxn01252_c0	0.0
rxn01331_c0	0.006729089709558942
rxn01396_c0	0.0
rxn01807_c0	0.0
rxn02939_c0	0.006729089709558941
rxn03445_c0	0.006729089709558941
rxn03446_c0	0.0
rxn03951_c0	0.006729089709558941
rxn04070_c0	0.006729089709558942
rxn05116_c0	0.006729089709558942
rxn00966_c0	0.0
rxn01182_c0	0.0
rxn11156_c0	-0.07855982871075116
rxn03393_c0	0.006729089709559838
rxn03394_c0	0.0
rxn03395_c0	0.006729089709559838
rxn03396_c0	0.0
rxn03397_c0	0.0
rxn11946_c0	0.0
rxn03893_c0	0.006729089709559839
rxn04139_c0	0.0
rxn04674_c0	0.0
rxn05287_c0	0.006729089709559838
rxn00262_c0	0.0
rxn00283_c0	0.0
rxn00183_c0	0.0
rxn00122_c0	0.006729089709691977
rxn00300_c0	0.013458179419250926
rxn00392_c0	0.006729089709691977
rxn02474_c0	0.013458179419250926
rxn02475_c0	0.013458179419250928
rxn03080_c0	0.026916358838501842
rxn05040_c0	0.02691635883850184
rxn05039_c0	0.013458179419250926
rxn00065_c0	0.0
rxn00097_c0	106.41261059009749
rxn00132_c0	0.0
rxn00137_c0	0.0
rxn00139_c0	0.3860721629461301
rxn00237_c0	3.078395719454788
rxn00239_c0	0.8959570456259559
rxn00242_c0	0.0
rxn00303_c0	0.0
rxn00304_c0	0.0
rxn00361_c0	0.0
rxn00379_c0	0.0
rxn00514_c0	0.0
rxn00515_c0	0.0
rxn00775_c0	0.0
rxn00790_c0	2.025921165008646
rxn00800_c0	2.2118058091104174
rxn00831_c0	0.0
rxn00832_c0	-3.1077628547363725
rxn00834_c0	0.8959570456259558
rxn00837_c0	0.0
rxn00838_c0	2.2118058091104174
rxn00839_c0	0.0
rxn00840_c0	-0.12782423160555695
rxn00913_c0	0.0
rxn00915_c0	0.0
rxn00917_c0	0.8959570456259559
rxn01127_c0	0.0
rxn01351_c0	0.0
rxn01353_c0	0.0
rxn01354_c0	-0.24382694689013668
rxn01445_c0	0.0
rxn05231_c0	0.12782423160555695
rxn05233_c0	0.24382694689013665
rxn01507_c0	0.0
rxn01509_c0	0.0
rxn01544_c0	0.0
rxn01961_c0	0.0
rxn01962_c0	0.0
rxn02517_c0	0.0
rxn02518_c0	0.0
rxn02895_c0	2.025921165008646
rxn02937_c0	2.025921165008646
rxn03004_c0	2.025921165008646
rxn03039_c0	0.0
rxn03084_c0	2.025921165008646
rxn03136_c0	2.019192075299087
rxn03137_c0	3.107762854736372
rxn03147_c0	2.019192075299087
rxn04132_c0	0.0
rxn04133_c0	0.0
rxn04457_c0	0.0
rxn05114_c0	2.019192075299087
rxn05115_c0	2.019192075299087
rxn00327_c0	0.0
rxn02938_c0	0.0
rxn04456_c0	0.0
rxn01446_c0	0.0
rxn01138_c0	0.3860721629461301
rxn00916_c0	0.0
rxn00313_c0	0.0
rxn01973_c0	0.1704154359919645
rxn01974_c0	0.17041543599196451
rxn02011_c0	0.1704154359919645
rxn02928_c0	93.16202036964285
rxn03012_c0	0.0
rxn03031_c0	0.1704154359919645
rxn03087_c0	-0.17041543599196451
rxn03164_c0	0.17041543599196451
rxn02929_c0	-92.99160493365088
rxn01644_c0	0.1704154359919645
rxn01302_c0	5.149824660453333
rxn05947_c0	78.44143728193383
rxn00856_c0	0.007273238007652097
rxn06061_c0	-0.007273238007652098
rxn02356_c0	0.0
rxn03070_c0	0.0
rxn31683_c0	0.0
rxn30330_c0	0.0
rxn15507_c0	0.0
rxn39478_c0	0.0
rxn15972_c0	0.0
rxn02373_c0	6.2854264092960275
rxn02374_c0	2.867640439931616
rxn00929_c0	81.30907772186545
rxn00394_c0	0.0
rxn00467_c0	3.417785969364412
rxn02297_c0	0.0
rxn02312_c0	0.0
rxn02277_c0	0.0
rxn05927_c0	0.0
rxn00792_c0	0.0
rxn06864_c0	0.0
rxn00272_c0	-7.273015497398422
rxn00416_c0	0.0
rxn01750_c0	0.0
rxn01675_c0	0.0
rxn01997_c0	0.0
rxn02000_c0	0.0
rxn02003_c0	0.0
rxn06280_c0	1.1652471801240163
rxn06300_c0	7.1093291511160155
rxn06432_c0	3.3745630889497917
rxn06433_c0	2.8760452111250303
rxn06435_c0	0.2614590390298993
rxn06436_c0	0.0
rxn06437_c0	2.9975294823272245
rxn06438_c0	5.4836650195434125
rxn06439_c0	1.0885707794372854
rxn06440_c0	2.253997233225402
rxn06441_c0	4.588509432651215
rxn06442_c0	3.371694710324185
rxn06443_c0	0.35387566742465054
rxn06444_c0	2.0451855965869803
rxn06445_c0	2.8676404399316158
rxn06446_c0	2.8121394226280447
rxn06447_c0	3.1902381257255628
rxn06448_c0	0.10338733299692703
rxn06449_c0	3.3349014271449793
rxn10534_c0	0.0
rxn06538_c0	0.0
rxn11595_c0	2.8760452111250308
rxn06936_c0	2.8760452111250303
rxn06937_c0	2.9975294823272236
rxn00211_c0	0.0
rxn00213_c0	0.307703207960095
rxn00214_c0	0.09324339635154397
rxn02596_c0	0.0
rxn00818_c0	0.0
rxn03838_c0	0.0
rxn02314_c0	0.0
rxn00817_c0	0.0
rxn01117_c0	-0.2331084908788599
rxn02166_c0	0.0
rxn03586_c0	0.0
rxn03869_c0	0.0
rxn03882_c0	0.0
rxn12009_c0	0.0
rxn00293_c0	0.6205610610385609
rxn00461_c0	0.17041543599196454
rxn02285_c0	-0.17041543599196454
rxn03638_c0	0.6205610610385609
rxn01485_c0	-0.6205610610385609
rxn00295_c0	0.0
rxn00255_c0	0.0
rxn00598_c0	0.0
rxn00962_c0	0.0
rxn02483_c0	0.0
rxn03097_c0	0.0
rxn02981_c0	0.0
rxn02980_c0	0.0
rxn07630_c0	0.0
rxn03089_c0	0.0
rxn01193_c0	0.0
rxn00964_c0	39.21708202196309
rxn00965_c0	0.0
rxn11651_c0	39.217082021963094
rxn01035_c0	0.0
rxn06167_c0	39.217082021963094
rxn03879_c0	39.217082021963094
rxn03864_c0	39.217082021963094
rxn03871_c0	39.217082021963094
rxn03622_c0	39.217082021963094
rxn03880_c0	39.217082021963094
rxn03617_c0	39.217082021963094
rxn03866_c0	39.217082021963094
rxn06938_c0	0.0
rxn16112_c0	39.217082021963094
rxn14227_c0	0.0
rxn02296_c0	0.0
rxn00957_c0	0.006729089709559272
rxn00588_c0	0.0
rxn00174_c0	0.0
rxn01791_c0	0.019493480048615577
rxn15641_c0	0.0
rxn00722_c0	0.0
rxn00160_c0	0.0
rxn01453_c0	37.9906392493229
rxn15455_c0	1.22644277264019
rxn00018_c0	0.0
rxn01111_c0	0.0
rxn01334_c0	-0.5930552433627979
rxn01345_c0	0.5930552433627979
rxn07189_c0	0.00672908970955927
rxn14159_c0	-34.2833720824435
rxnTX73PHO001_c0	18.3
rxnTX73PHO002_c0	18.3
rxn08173_c0	58.45847495011204
rxn01489_c0	0.04788547205258365
rxn02945_c0	0.04788547205258365
rxn05031_c0	0.0
rxn11620_c0	0.047885472052583665
rxn06790_c0	0.0
rxn06792_c0	0.0
rxn07350_c0	0.04435420269019076
rxn15684_c0	0.0026500865757908827
rxn07352_c0	0.002650086575790883
rxn07353_c0	0.002650086575790883
rxn15685_c0	0.002650086575790883
rxn07355_c0	0.002650086575790883
rxn07358_c0	0.0
rxn07359_c0	0.0
rxn07360_c0	0.0
rxn07363_c0	0.0
rxn39819_c0	0.0
rxn15686_c0	0.0
rxn07366_c0	0.0
rxn07367_c0	0.0
rxn07625_c0	0.02945888121556639
rxn07634_c0	0.028346329947178256
rxn16538_c0	0.04788547205258365
rxn16632_c0	-0.00027608144271470486
rxn06926_c0	0.0
rxn06790_LN_c0	0.047593045069906845
rxn06792_LN_c0	0.04729956353626475
rxn00423_c0	0.0
rxn00566_c0	2.0451852459351653e-17
rxn00647_c0	0.0
rxn00649_c0	0.0
rxn05733_c0	0.0
rxn04016_c0	0.0
rxn01757_c0	0.0
rxn00141_c0	0.38607216294613006
rxn00693_c0	0.09166146444849692
rxn00126_c0	0.4519035615057492
rxn00952_c0	2.0451852459351656e-17
rxn05957_c0	0.0
rxn01303_c0	0.0
rxn01304_c0	0.0
rxn06078_c0	-2.0451852459351653e-17
rxn03052_c0	0.0
rxn03057_c0	0.0
rxn00143_c0	0.0
rxn00849_c0	-0.34083087198392903
rxn00851_c0	0.17041543599196451
rxn02008_c0	0.17041543599196451
rxn02286_c0	0.17041543599196451
rxn00178_c0	-37.9906392493229
rxn00872_c0	0.0
rxn00874_c0	0.0
rxn00946_c0	0.0
rxn00947_c0	0.0
rxn01451_c0	0.0
rxn01802_c0	39.2170820219631
rxn02167_c0	-39.21708202196309
rxn02345_c0	39.217082021963094
rxn02679_c0	0.0
rxn02680_c0	0.0
rxn02720_c0	0.0
rxn06510_c0	0.0
rxn02803_c0	0.0
rxn02804_c0	0.0
rxn02911_c0	0.0
rxn03240_c0	0.0
rxn03241_c0	0.0
rxn03243_c0	0.0
rxn03245_c0	0.0
rxn03247_c0	0.0
rxn03248_c0	0.0
rxn03249_c0	0.0
rxn03250_c0	0.0
rxn03251_c0	0.0
rxn03253_c0	0.0
rxn03239_c0	0.0
rxn06777_c0	0.0
rxn03242_c0	0.0
rxn03244_c0	0.0
rxn03246_c0	0.0
rxn00299_c0	0.026916358838235857
rxn00302_c0	0.0
rxn03419_c0	0.0
rxn03421_c0	0.0
rxn03174_c0	0.0
rxn03167_c0	0.026916358838235857
rxn02504_c0	0.026916358838235864
rxn02503_c0	0.0
rxn02201_c0	0.0
rxn01603_c0	0.02691635883823587
rxn02200_c0	0.026916358838235867
rxn00689_c0	0.0
rxn01257_c0	0.02691635883823587
rxn03841_c0	0.026916358838235867
rxn00686_c0	-66.07409212645823
rxn01602_c0	-65.91576711728338
rxn00687_c0	65.91576711728338
rxn00559_c0	-0.21445981160855118
rxn00641_c0	0.21445981160855115
rxn01329_c0	0.21445981160855118
rxn01492_c0	0.0
rxn01870_c0	0.0
rxn06201_c0	0.0
rxn06348_c0	0.0
rxn07876_c0	0.0
rxn07885_c0	0.0
rxn07877_c0	0.0
rxn07878_c0	0.0
rxn02497_c0	0.0
rxn02496_c0	0.0
rxn07879_c0	0.0
rxn07880_c0	0.0
rxn07881_c0	0.0
rxn07882_c0	0.0
rxn07883_c0	0.0
rxn07884_c0	0.0
rxn35926_c0	0.0
rxn36169_c0	0.0
rxn00085_c0	-2.269248015174547
rxn00187_c0	0.0
rxn00189_c0	47.2293383029655
rxn00193_c0	0.5112463079758934
rxn00260_c0	-20.161708078740542
rxn00509_c0	0.0
rxn00555_c0	0.6392097403088697
rxn01204_c0	0.0
rxn00194_c0	0.0
rxn00086_c0	0.0
rxn00350_c0	0.0
rxn00351_c0	0.006729089709558946
rxn00646_c0	0.006729089709558946
rxn00650_c0	0.0
rxn04792_c0	0.0
rxn00615_c0	0.0
rxn00743_c0	0.0
rxn00763_c0	0.0
rxn01286_c0	0.0
rxn06139_DA_c0	2.0451852459351653e-17
rxn04027_c0	-2.0451852459351656e-17
rxn07172_DA_c0	-2.0451852459351653e-17
rxn06139_LN_c0	0.0
rxn07172_LN_c0	0.0
rxn00337_c0	5.327513334452951
rxn00420_c0	9.307015999173213
rxn00599_c0	0.26332559423847474
rxn01300_c0	5.149824660453333
rxn01069_c0	5.149824660453333
rxn00737_c0	1.9595865347277688
rxn01101_c0	9.307015999173213
rxn02914_c0	-9.307015999173215
rxn15167_c0	0.29441069849763324
rxn30633_c0	0.2944106984976332
rxn00692_c0	-5.39643488370741
rxn00274_c0	0.0
rxn00275_c0	-9.656221482191103
rxn06377_c0	0.0
rxn06600_c0	0.0
rxn10770_c0	0.0
rxn01013_c0	0.0
rxn01405_c0	0.0
rxn01643_c0	-5.32751333445295
rxn01867_c0	0.0
rxn01868_c0	0.0
rxn04786_c0	0.007273238007652098
rxn07465_c0	0.007273238007652099
rxn05735_c0	0.0
rxn06044_LN_c0	0.007006436613432006
rxn00006_c0	0.0
rxn00206_c0	0.0
rxn00333_c0	0.0
rxn00336_c0	2.356289625954446
rxn00371_c0	0.0740199868055479
rxn00512_c0	-0.026916358838235864
rxn00691_c0	0.0
rxn00907_c0	5.147142199164137
rxn00980_c0	0.0
rxn01015_c0	0.0
rxn01211_c0	5.1404131094545775
rxn00979_c0	0.02691635883823586
rxn01285_c0	0.0
rxn01847_c0	0.0
rxn04143_c0	0.0
rxn00789_c0	-1.088570779437285
rxn02834_c0	1.0885707794372852
rxn02835_c0	1.088570779437285
rxn03175_c0	1.088570779437285
rxn03135_c0	1.0885707794372852
rxn02473_c0	1.0885707794372852
rxn02320_c0	-1.0885707794372852
rxn02160_c0	1.0885707794372852
rxn02159_c0	1.0885707794372852
rxn00863_c0	1.0885707794372852
rxn02853_c0	0.0
rxn00501_c0	-18.54547827646741
rxn00502_c0	0.0
rxn00882_c0	0.0
rxn00883_c0	0.0
rxn06729_c0	0.0
rxn03146_c0	0.0
rxn06723_c0	0.0
rxn03130_c0	0.0
rxn03159_c0	0.0
rxn03181_c0	0.0
rxn03182_c0	0.0
rxn06865_c0	0.0
rxn02331_c0	0.2331084908788599
rxn02404_c0	0.2331084908788599
rxn02405_c0	0.2331084908788599
rxn03511_c0	0.10256773598669836
rxn03916_c0	0.10256773598669837
rxn03918_c0	0.10256773598669838
rxn03919_c0	0.10256773598669837
rxn03917_c0	0.10256773598669837
rxn03439_c0	0.0
rxn00321_c0	0.0
rxn02916_c0	0.0
rxn01664_c0	0.0
rxn00950_c0	0.0
rxn05092_c0	0.0
rxn00589_c0	0.0
rxn03906_c0	0.0
rxn00338_c0	0.0
rxn02988_c0	0.0883535489808186
rxn02402_c0	0.06886006893220302
rxn02155_c0	0.06886006893220302
rxn00138_c0	0.06886006893220302
rxn00105_c0	0.0
rxn01670_c0	0.0
rxn00077_c0	0.01348876139723091
rxn02400_c0	0.0
rxn00664_c0	-0.01949348004861558
rxn00102_c0	-6.781944963946294
rxn00231_c0	0.0
rxn00567_c0	0.0
rxn05893_c0	0.0
rxn05064_c0	0.0
rxn02529_c0	0.0
rxn06874_c0	0.0
rxn39261_c0	0.0
rxn39362_c0	0.0
rxn00910_c0	-0.09839055415805585
rxn01210_c0	0.0
rxn01652_c0	0.0
rxn01653_c0	0.0
rxn00685_c0	0.0
rxn01601_c0	0.0
rxn00001_c0	137.4415051919899
rxn00058_c0	0.0
rxn00100_c0	0.019493480048615574
rxn00912_c0	0.019493480048615577
rxn01790_c0	-0.019493480048615577
rxn02128_c0	0.0
rxn12510_c0	0.019493480048615577
rxn02175_c0	0.019493480048615577
rxn02186_c0	7.94290433984481
rxn02341_c0	0.019493480048615577
rxn12512_c0	0.019493480048615577
rxn09177_c0	0.0
rxn03047_c0	0.0
rxn00905_c0	0.0
rxn03141_c0	0.0
rxn03408_c0	0.17041543599196451
rxn03901_c0	0.17041543599196451
rxn03903_c0	-2.928785672446534e-17
rxn03904_c0	0.17041543599196451
rxn03933_c0	0.0
rxn06718_c0	0.17041543599196451
rxn00493_c0	-2.0451855965869807
rxn00999_c0	0.0
rxn01842_c0	0.0
rxn01843_c0	0.0
rxn04750_c0	0.0
rxn04751_c0	0.0
rxn00474_c0	0.10338733299692705
rxn00726_c0	0.0
rxn00727_c0	0.10338733299692704
rxn00791_c0	0.10338733299692704
rxn01000_c0	2.024998327458301
rxn01255_c0	3.354194647965279
rxn01256_c0	3.217161866420557
rxn01268_c0	1.1719762698335756
rxn01332_c0	3.3541946479652793
rxn01682_c0	0.10338733299692704
rxn01739_c0	3.3541946479652784
rxn01740_c0	-3.3541946479652784
rxn02212_c0	3.354194647965279
rxn02213_c0	3.3541946479652784
rxn02476_c0	3.354194647965279
rxn02507_c0	0.10338733299692704
rxn02508_c0	0.10338733299692704
rxn00490_c0	0.0
rxn02775_c0	0.0
rxn03532_c0	0.0
rxn03513_c0	0.0
rxn03514_c0	0.0
rxn03534_c0	0.0
rxn03492_c0	0.0
rxn03491_c0	0.0
rxn03512_c0	0.0
rxn06887_c0	0.0
rxn03542_c0	0.0
rxn02774_c0	0.0067290897095589434
rxn02056_c0	-0.0067290897095589434
rxn11650_c0	0.0
rxn03535_c0	0.0
rxn03540_c0	0.0
rxn05054_c0	0.0
rxn04413_c0	0.0
rxn03537_c0	0.0
rxn03538_c0	0.0
rxn01084_c0	0.0
rxn05029_c0	0.0
rxn04384_c0	0.0
rxn00029_c0	0.13166279711923737
rxn00060_c0	0.03291569927980934
rxn02264_c0	0.03291569927980934
rxn02288_c0	0.026186609570250388
rxn04704_c0	0.02618660957025039
rxn02303_c0	0.0
rxn02304_c0	0.0
rxn16331_c0	0.02618660957025039
rxn00224_c0	0.013458179419117889
rxn05120_c0	0.006729089709558945
rxn03384_c0	0.0
rxn02733_c0	0.012728430151132501
rxn02959_c0	0.0127284301511325
rxn04152_c0	0.0
rxn11940_c0	0.0127284301511325
rxn04153_c0	0.0
rxn04154_c0	0.0
rxn04158_c0	0.0127284301511325
rxn04160_c0	0.012728430151132498
rxn04161_c0	0.0
rxn02287_c0	0.0067290897095589434
rxn03536_c0	0.0
rxn14270_c0	0.0
rxn04047_c0	0.0
rxn04048_c0	0.0
rxn04050_c0	0.0
rxn04052_c0	0.0
rxn06979_c0	0.0
rxn15925_c0	0.012728430151132498
rxn15926_c0	0.0
rxn11941_c0	0.0127284301511325
rxn11942_c0	0.012728430151132501
rxn15927_c0	0.0
rxn15928_c0	0.012728430151132496
rxn04045_c0	0.0
rxn15929_c0	0.012728430151132498
rxn15930_c0	0.012728430151132496
rxn07586_c0	0.0
rxn07587_c0	0.0
rxn07588_c0	0.0
rxn07589_c0	0.0
rxn00289_c0	0.0
rxn00532_c0	18.54547827646741
rxn00670_c0	0.0
rxn00675_c0	0.0
rxn00679_c0	0.0
rxn00985_c0	0.0
rxn00986_c0	0.0
rxn02260_c0	0.0
rxn02424_c0	0.0
rxn00117_c0	2.1943697579946235
rxn00119_c0	1.5586052356893787
rxn00363_c0	0.0
rxn00364_c0	1.9012164006129297
rxn00407_c0	0.0
rxn00409_c0	1.6255167053476625
rxn00410_c0	0.0
rxn00412_c0	0.79969974261546
rxn00414_c0	4.762752888647206
rxn00463_c0	0.0
rxn00654_c0	0.0
rxn00708_c0	0.0
rxn00710_c0	1.388189799697414
rxn01018_c0	1.388189799697414
rxn01145_c0	0.0
rxn01146_c0	0.0
rxn01218_c0	0.0
rxn01219_c0	0.0
rxn01362_c0	-1.388189799697414
rxn01368_c0	0.0
rxn01465_c0	-1.388189799697414
rxn05289_c0	0.7787595240975618
rxn06076_c0	0.27569969526526744
rxn01512_c0	0.13140865033660085
rxn01513_c0	0.13140865033660085
rxn01517_c0	-0.13140865033660082
rxn01519_c0	0.0
rxn01520_c0	0.13140865033660085
rxn01521_c0	0.0
rxn01672_c0	0.0
rxn01673_c0	0.27569969526526744
rxn01678_c0	0.0
rxn01800_c0	0.0
rxn03188_c0	0.0
rxn01360_c0	0.0
rxn06075_c0	-0.13140865033660082
rxn01799_c0	0.0
rxn13251_c0	1.3881897996974137
rxn02897_c0	0.0
rxn03150_c0	0.0
rxn00048_c0	0.01345817941925092
rxn00695_c0	25.41745132916549
rxn00702_c0	0.0
rxn06165_c0	25.41745132916549
rxn03839_c0	0.0
rxn15362_c0	0.0
rxn02004_c0	0.0
rxn01134_c0	0.0
rxn00881_c0	0.0
rxn06049_c0	20.860736608117975
rxn03630_c0	0.0
rxn07204_c0	0.0
rxn00991_c0	0.0
rxn00992_c0	0.0
rxn00173_c0	-1.9599999999999997
rxn00225_c0	1.9599999999999997
rxn01234_c0	0.0
rxn04789_c0	0.0
rxn01466_c0	0.1219575536754186
rxn01213_c0	0.12195755367541859
rxn03909_c0	0.5214756632494729
rxn03958_c0	0.5080174838303547
rxn03907_c0	0.5080174838303547
rxn03908_c0	0.5080174838303548
rxn03910_c0	0.5080174838303548
rxn14070_c0	0.5080174838303548
rxn04113_c0	0.0
rxn08352_c0	0.1219575536754186
rxn01486_c0	0.11522846396585965
rxn12008_c0	0.006729089709559839
rxn03891_c0	0.006729089709559839
rxn03892_c0	0.006729089709559839
rxn04996_c0	0.0
rxn08756_c0	0.3860599301549362
rxn03843_c0	0.0
rxn04308_c0	0.0
rxn00438_c0	0.006729089709559272
rxn02305_c0	0.006729089709559273
rxn02484_c0	0.0
rxn20643_c0	0.006729089709559271
rxn03108_c0	0.006729089709559274
rxn23045_c0	0.0
rxn00473_c0	0.0
rxn02222_c0	0.0
rxn00527_c0	-1.1719762698335756
rxn01203_c0	0.0
rxn02366_c0	0.0
rxn02883_c0	0.0
rxn03040_c0	0.0
rxn03055_c0	0.0
rxn00002_c0	0.0
rxn00101_c0	0.0
rxn00179_c0	6.2854264092960275
rxn00192_c0	0.0
rxn00470_c0	0.04322288041462036
rxn00802_c0	3.374563088949792
rxn01019_c0	3.374563088949792
rxn01022_c0	0.0
rxn01434_c0	3.3745630889497917
rxn01636_c0	0.0
rxn01637_c0	0.0
rxn01851_c0	0.0
rxn01917_c0	0.0
rxn02275_c0	0.0
rxn02465_c0	0.0
rxn00405_c0	0.0
rxn00469_c0	0.0
rxn00560_c0	0.0
rxn02866_c0	0.0
rxn02889_c0	0.0
rxn01504_c0	0.0
rxn00290_c0	0.0
rxn14277_c0	0.0
rxn02949_c0	0.0
rxn39480_c0	0.0
rxn06334_c0	0.0
rxn02934_c0	0.0
rxn02933_c0	0.0
rxn00676_c0	0.0
rxn00602_c0	0.0
rxn00806_c0	-4.588509432651215
rxn00903_c0	-3.3349014271449793
rxn01575_c0	2.253997233225402
rxn15094_c0	0.0
rxn15510_c0	0.0
rxn02749_c0	0.0
rxn02751_c0	0.0
rxn03436_c0	2.2539972332254026
rxn03435_c0	-2.253997233225402
rxn03437_c0	2.253997233225402
rxn03068_c0	0.0
rxn15467_c0	7.94290433984481
rxn00902_c0	4.588509432651215
rxn02789_c0	4.588509432651215
rxn02811_c0	-4.588509432651215
rxn03062_c0	4.588509432651215
rxn01208_c0	4.588509432651215
rxn15491_c0	-7.942904339844809
rxn03194_c0	2.253997233225402
rxn04724_c0	0.0
rxn04745_c0	0.0
rxn04748_c0	0.0
EX_cpd11632_e0	-36.6
EX_cpd00001_e0	-100.0
EX_cpd00007_e0	0.0
EX_cpd00009_e0	-5.2608998808991405
EX_cpd00011_e0	0.23
EX_cpd00013_e0	49.22361650625362
EX_cpd00029_e0	-1.96
EX_cpd00034_e0	-0.08948919491508733
EX_cpd00036_e0	0.0
EX_cpd00048_e0	-0.1117824023214619
EX_cpd00063_e0	-0.13413888278575428
EX_cpd00067_e0	-100.0
EX_cpd00104_e0	0.0
EX_cpd00118_e0	0.0
EX_cpd00149_e0	-0.08948919491508732
EX_cpd00153_e0	0.0
EX_cpd00159_e0	0.0
EX_cpd00205_e0	-5.024935349639301
EX_cpd00209_e0	0.0
EX_cpd00254_e0	-0.23629323479405626
EX_cpd00264_e0	0.0
EX_cpd00268_e0	0.0
EX_cpd00305_e0	0.0
EX_cpd00540_e0	0.0
EX_cpd10515_e0	-0.2215010484038379
EX_cpd10516_e0	-0.20131377927516106
EX_cpd11640_e0	0.0
EX_cpd00058_e0	-0.08948919491508733
EX_cpd00030_e0	-0.08948919491508733
EX_cpd00443_e0	0.0
EX_cpd00106_e0	62.66103251489899
EX_cpd00971_e0	0.0
EX_cpd00028_e0	0.0
EX_cpd00644_e0	0.0
EX_cpd11574_e0	-0.08949974042474029
rxn05150_c0	0.08948919491508733
rxn05148_c0	0.0
rxn05172_c0	0.0
rxn09657_c0	0.0
rxn05187_c0	0.0
EX_cpd03424_e0	0.0
rxn05557_c0	0.20131377927516106
EX_cpd00137_e0	-0.4026275585503222
rxn08241_c0	-0.08948919491508732
rxn08762_c0	5.024935349639301
EX_cpd00060_e0	-0.6550154556318425
rxn05219_c0	0.6550154556318426
rxn05223_c0	0.0
rxn05312_c0	0.0
rxn05319_c0	99.99999999999999
rxn05466_c0	-49.22361650625363
rxn05467_c0	-0.22999999999999995
rxn05468_c0	0.0
EX_cpd01012_e0	0.0
rxn05516_c0	0.0
rxn05561_c0	-62.661032514898984
rxn05599_c0	0.0
EX_cpd00395_e0	0.0
rxn05163_c0	0.0
rxn05687_c0	0.0
rxn05175_c0	0.0
EX_cpd00051_e0	0.0
rxn05303_c0	0.0
EX_cpd00119_e0	0.0
rxn08718_c0	0.0
EX_cpd00039_e0	-3.3716947103241854
rxn05151_c0	3.3716947103241854
EX_cpd00084_e0	0.0
rxn05237_c0	0.0
EX_cpd00053_e0	-67.75914590934984
rxn05155_c0	67.75914590934985
EX_cpd00041_e0	0.0
rxn05152_c0	0.0
EX_cpd00132_e0	0.0
rxn08160_c0	0.0
rxn05488_c0	1.9599999999999997
EX_cpd00136_e0	-39.21708202196309
bio1	10.545509652968102
biomass_pro_c0	10.5455096529681
biomass_rna_c0	10.545509652968102
biomass_dna_c0	10.545509652968102
biomass_lipidLN_c0	10.545509652968102
biomass_lps_c0	0.009324339635154397
biomass_storage_c0	10.545509652968102
biomass_cellwall_c0	10.545509652968102
biomass_pigment_c0	10.545509652968102
biomass_cofactor_c0	10.5455096529681
biomass_ions_c0	10.545509652968102
biomass_gam_c0	10.545509652968102
bio2	0.0
rxn05618_c0	0.08948919491508733
rxn05654_c0	0.0
rxn05651_c0	0.1117824023214619
rxn05153_c0	0.0
rxn10481_c0	0.08948919491508733
rxn05514_c0	0.13413888278575428
rxn12787_c0	39.21708202196309
rxn12436_c0	0.0
rxn05619_c0	0.08949974042474029
rxn05602_c0	0.0
rxn05171_c0	0.0
rxn08924_c0	0.23629323479405626
rxn05176_c0	0.0
rxn13206_c0	0.0
rxn05181_c0	0.0
rxn05308_c0	0.0
rxn05298_c0	0.0
rxn05209_c0	0.0
rxn08475_c0	0.2215010484038379
EX_cpd00023_e0	0.0
DM_cpd11416LN_c0	10.545509652968102
DM_cpd11416DA_c0	0.0
rxn00440_c0	0.0
rxnTX73L003_LN_c0	0.011600904259037146
rxn06043_LN_c0	0.011600904259037146
rxn06045_LN_c0	0.003995588152413085
rxn06080_LN_c0	0.003995588152413085
rxn06090_LN_c0	0.007006436613432007
rxn06971_LN_c0	0.0
rxn06081_LN_c0	0.0005988794931920585
rxn06091_LN_c0	0.0011146603703187281
rxn06376_LN_c0	0.0011146603703187281
rxn05970_LN_c0	0.0011146603703187283
EX_cpd00099_e0	-0.1341388827857543
rxn00558_c0	-4.89276425895479
rxn05145_c0	5.2608998808991405
biomass_lipidDA_c0	0.0
EX_cpd00020_e0	0.0
EX_cpd00024_e0	0.0
EX_cpd00042_e0	0.0
EX_cpd00076_e0	0.0
EX_cpd00082_e0	0.0
EX_cpd00098_e0	0.0
EX_cpd00100_e0	0.0
EX_cpd00105_e0	0.0
EX_cpd00107_e0	0.0
EX_cpd00111_e0	0.0
EX_cpd00127_e0	0.0
EX_cpd00130_e0	0.0
EX_cpd00138_e0	0.0
EX_cpd00156_e0	0.0
EX_cpd00166_e0	0.0
EX_cpd00322_e0	0.0
EX_cpd00604_e0	0.0
EX_cpd00731_e0	0.0
EX_cpd00794_e0	0.0
EX_cpd01727_e0	0.0
EX_cpd03091_e0	0.05910230885006006
EX_cpd04073_e0	0.0
EX_cpd09878_e0	0.0
rxn08234_c0	0.1341388827857543
rxn09310_c0	0.006729089709559271
rxn12239_c0	0.006729089709559272
rxn13822_c0	-0.05910230885006006
rxn01398_c0	0.006729089709558942
rxn08168_c0	0.0883535489808186
rxnTX73GF001_c0	0.006729089709559838
rxnTX73GF002_c0	0.006729089709559838
rxn09039_c0	0.006729089709559838
rxnTX73GF003_c0	0.006729089709559838
rxn08353_c0	0.006729089709559838
rxn09272_c0	0.006729089709556896
rxn05195_c0	0.0
rxn05683_c0	0.0
rxn00873_c0	0.0
rxn10153_c0	0.0
rxnTX73_cpd00604_tr_c0	0.0
EX_cpd00211_e0	0.0
rxn00623_c0	0.0
rxn12676_c0	0.0
